1,L11,00132207F,INDUCTOR COMM 120E 400MA 25%,hh1,1
2,L57,00106568f,INDUCTOR CHIP 2.2UH 3A 20%,hh1,2
3,L21/L22,00133042F,INDUCTOR CHIP 3.3UH 1.5A 20%,hh1,3
4,L15,00138541F,INDUCTOR PWR 3.3UH 4.95A 30% 6,hh1,4
5,L1,00032988N,INDUCTOR CHIP 2.2UH 8A 20%,hh1,5
6,L5/L6,00130772F,INDUCTOR CHIP 2.2UH 320MA 2% 06,hh1,6
7,L12,00079032F,INDUCTOR COMM 370 OHM 280MA 25,hh1,7
8,L23,00066652F,INDUCTOR CHIP 47UH 3.0A 20% SM,hh1,8
9,L9,00140193F,INDUCTOR PWR 1.2UH 6.5A 20% 6X5,hh1,9
10,L25,00154717F,INDUCTOR CHIP 22UH 280MA 20% 2X2,hh1,10
11,L21,00142282F,INDUCTOR PWR 15UH 0.85A 20% 6X6,hh1,11
12,L8/L9/L10,00086960F,INDUCTOR CHIP 2.2UH 1.6A 30% 12,hh1,12
13,L1/L2/L11,00115443F,INDUCTOR CHIP 15UH 2A 20% PWR S,hh1,13
14,L13,00133045F,INDUCTOR CHIP 4.7UH 1.9A 20%,hh1,14
15,NA,00085369F,INDUCTOR PWR 4.7UH 1.7A 20% SMD,hh1,15
16,NA,00088096F,INDUCTOR CHIP 2.2UH 5.8A 20% 2,hh1,16
17,___________,00113677F,IC FLASH SER SPI 128M X1/X4 DF,hh1,17
18,CR1,00070675F,LED 45MCD 2.2/20 120DEG,hh1,18
19,U18,00120566F,IC CONV 4.5-18VIN 2A QFN 16,hh1,19
20,U3,00150910F,IC BRIDGE USB2-4XSPI/I2C QFN 32,hh1,20
21,CR20/CR21,00128747F,ZENER DIODE 5.6V 1W POWERDI-,hh1,21
22,U5,00119567F,IC CONV BUCK DDR 3A 4MHZ QFN 24,hh1,22
23,U12,00122419F,IC MONITOR POW SUP SEQUEN QFN 3,hh1,23
24,U58,00083416F,IC SWITCH 1:2 MUX USB PQFP 10,hh1,24
25,U100/U106,00092452F,IC SWITCH PWRX1 1.2A LIMIT SOT2,hh1,25
26,L42,00088731F,FERRITE BEAD 1K 0.35A 25% 0402,hh1,26
27,U21/U24,00121554F,IC VR 500KHZ 5A SSOP 16,hh1,27
28,U61/U66,00089178F,IC INTERFACE USB UART QFN 32,hh1,28
29,U77,00081197F,IC DIG VIDEO DECODER PQFP 32,hh1,29
30,Q26/Q32,00084503F,TRANS FET N-CH 25V .2A LOGI,hh1,30
31,U95,00062816F,IC INVERT DUAL UHS SCHMITT SC70,hh1,31
32,U72,00141293F,IC CODEC STEREO CLASS D QFN 40,hh1,32
33,U48,00123277F,IC MUX QUAD 2INPUT TSSOP 16,hh1,33
34,U11,00123469F,IC TRANSC 10/100BASE QFN 24,hh1,34
35,U79,00141868F,IC AMP AUDIO 3W CLAS DG QFN 16,hh1,35
36,CR3000,00090099F,SWITCHING DIODE LLEAK 35V SOD32,hh1,36
37,SW1-4,00089719F,"SWITCH TACT SPST NC, SMT",hh1,37
38,U1,99977978M,HEADER STRP 14 P STR SMT .2,hh1,38
39,U29,00085289F,IC SENSOR TEMP SMBUS SOT 563,hh1,39
40,U43/U50,00122190F,IC DIG ISOLATOR 5CH QSOP 16,hh1,40
41,U81/U82,00141616F,IC DRIVER MOSFET N LS QFN 4,hh1,41
42,U64,00123653F,IC TRANSLATOR 1BIT UNI-D SC70 5,hh1,42
43,U36,00124115F,IC FRAM 2MBIT 25MHZ SPI SOP 8,hh1,43
44,Q13,00024267N,TRANS MOSFET P-CH & N SOT-6,hh1,44
45,U53/U60,00123372F,IC VR LDO 3V 400MA SOT23 5,hh1,45
46,Q5,00124236F,IC SWITCH LOAD 1.2-20V SC70 6,hh1,46
47,U9,00119287F,IC TRANSC 10 100BASE QFN 24,hh1,47
48,T1,00108062F,TRAFO LAN 10/100 BASET 1:1 SMT,hh1,48
49,U69,00090149F,IC AMP OP DUAL R/R OUT TSSOP 8,hh1,49
50,U74,00087813F,IC AMP OP RTR X2 LFCSP 8,hh1,50
51,Q19/Q20,00133437F,TRANS MOSFET P-CH DUAL -20V DFN,hh1,51
52,Q21/Q22,00144963F,TRANS MOSFET N-CH DUAL MICROFE,hh1,52
53,R444/R256,00141730F,RESISTOR 0E 0.5W 5% 20A 0603,hh1,53
54,U33,00121458F,IC VR DC/DC BUCK ADJ 3 QFN 14,hh1,54
55,U15,00119361F,IC SUPERVISOR 2A PMIC VQFN 48,hh1,55
56,U24,00142156F,IC HOT SWAP 20V 1-5A RETRY DFN,hh1,56
57,U7,00148006F,IC FLASH NAND ECC 4GBIT X16 BG*,hh1,57
58,U32,00122881F,IC DDR 32MX16X4 4.8NS VFBGA 60,hh1,58
59,U37,00143174F,IC BRIDGE I2C TO 1-WIRE DFN 8,hh1,59
60,U5,00118794F,IC TRANSC LEVEL X4 2XSUPPL QFN,hh1,60
61,U12,00118724F,IC ANA SW 4XSPDT MUX QFN 16,hh1,61
62,U22/U26/U27/U31,00081663F,IC VR DC/DC BUCK LV 2A 2MHZ QF,hh1,62
63,U16,00092122F,IC BUFFER DUAL OPEN DRAIN SC70,hh1,63
64,U34,00029763N,IC VR LDO ADJ 100MA SOT23 5,hh1,64
65,U18,00141689F,IC TRANSLATOR BUS I2C QFN 8,hh1,65
66,U553,00154682F,IC VR DC/DC BUCK LOW IQ 3-5V D,hh1,66
67,U21,00122487F,IC SUPERVISOR RESET PROGR SEQ Q,hh1,67
68,U28/U29,00120284F,IC BUFFER GATE TRIPLE SON 8,hh1,68
69,U34,00144287F,IC ANA PWM 40V 200MA MIC PW DI,hh1,69
70,U24/U36,00060795F,IC TRANSCEIVER 250KBPS 3V RS23,hh1,70
71,U32,00143197F,IC AMP CURRENT SENSE+SHUNT RES.,hh1,71
72,U25/26,00080660F,IC BUS TRANSC 4BIT QFN 16,hh1,72
73,U20,00078013F,IC INTERFACE USB 480MB/S 4UAR Q,hh1,73
74,U24,00060795F,IC TRANSCEIVER 250KBPS 3V RS23,hh1,74
75,U31,00130789F,IC HOT SWAP REAPPLIES MSOP 12,hh1,75
76,U59,00142036F,IC ETHERNET USB2 10/100 QFN 64,hh1,76
77,R3,00071606N,RES CHIP MF 0.01E 0.25W 1% 1206,hh1,77
78,CR3,00111420N,TRANSZORB .8PF 5V 80W SLP1006,hh1,78
79,FL1,00134118F,FILTER EMI 6A 50V 1.5U 20%,hh1,79
80,U2,00090141F,IC COMP X1 0.6US 2-36V SOT23 5,hh1,80
81,VR1,99976608M,TRANSZORB BI SMT 30V 0.6KW DO-,hh1,81
82,Q1,00086391F,TRANS MOSFET N-CH 60V SO8PWR,hh1,82
83,U1,00143197F,IC AMP CURRENT SENSE+SHUNT RES.,hh1,83
84,Y3,00078025F,QUARTZ CRYSTAL 48MHZ 20PF LCC 4,hh1,84
85,Y1,00123914F,QUARTZ CRYSTAL 24.576MHZ 30PPM,hh1,85
86,U80,00119358F,CRYSTAL OSC RTC 32.768HZ SON 10,hh1,86
87,Y4,00063316F,QUARTZ CRYSTAL 32.768KHZ LCC 2,hh1,87
88,NA,00120786F,CRYSTAL OSC 32.0MHZ 1.8V LCC 4,hh1,88
89,U99,00140361F,IC VR DC/DC BUCK 5-18V-IN 5A QF,hh1,89
90,U43,00092514F,IC CONT USB HUB 4-PORT QFN 32,hh1,90
91,CR5,00047160N,SCHOTTKY DIODE DUAL 30V 0.2A S,hh1,91
92,Q3,00132696F,TRANS MOSFET N-CH 60V SOT363,hh1,92
93,Q2,00084447F,TRANS BIPOLAR NPN 40V SOT323,hh1,93
94,Q1,00165380N,TRANS MOSFET N-CH 40V DFN8,hh1,94
95,U549 -male,00140587F,BOARD STACK 22 P ST SMT P.80MM,hh1,95
96,U549-female,00140590F,SOCKET STRIP 22 S ST SMT P .8MM,hh1,96
97,T2,00141563F,TRAFO GATE DRIVE 1:1:1 SMT6 LP,hh1,97
98, BATT RF,00143341F,CONN SMT 5 C RA BATT,hh1,98
99,P21,00143466F,SOCKET STRIP 66 S ST SMT P 1MM,hh1,99
100,P21,00163757N,CONN STRIP 80 SMT 0.5MM,hh1,100
101,U11,00142065F,IC DDR 3  AUTOM 128KX 16 BGA 96,hh1,101
102,L63,00162778F,INDUCTOR PWR 100UH 0.21A 30% 3,hh1,102
103,L16,00162310F,INDUCTOR PWR 82UH 227MA 20% 3X,hh1,103
104,U11,00142065F,IC DDR 3  AUTOM 128KX 16 BGA 96,hh1,104
105,U36,00163419N,IC BUS TRANSC LEVEL SC70 6,hh1,105
106,CR6,00145349F,ARRAY DIODE +COMM -FILT ER BGA,hh1,106
107,u59,00144772F,IC FPGA ARTIX7 75KLE BGA 324,hh1,107
108,U16,00124692F,IC PROC DMSOC 720MHZ EXT 684 PB,hh1,108
109,U47,00141200F,IC DECODER 1 OF 2 SC70 6,hh1,109
110,u33,00120868F,IC SRAM 256KX16 45NS VFBGA 48,hh1,110
111,SW1/2/5,00106888F,SWITCH DIP SPST 2POS SMT SEAL,hh1,111
112,NA,00093979F,INDUCTOR CHIP 4.7UH 9.5A 20% S,hh1,112
113,U2,00098948f,CRYSTAL OSC 20.00MHZ 3.3V SMT 4,hh1,113
114,U20,00094639F,IC SWITCH LOAD 0.9-3.6V BGA 6,hh1,114
115,U30,00119015F,IC PROC SITARA ARM  800MHZ 324*,hh1,115
116,U107,00155898F,IC ANA GNSS TIMING MOD. SMT 24,hh1,116
117,NA,00155806F,IC BUFFER I2C BIDIR LEVEL VSSO*,hh1,117
118,NA,00128858F,HEADER STRIP 10 P STR PC SHROUD,hh1,118
119,u3001,00108371F,IC VR NEG LDO ADJ 0.2A L-N MSO*,hh2,1
120,U9,00112417F,IC MC MANAG UNIT OMAP 139 BGA,hh2,2
121,L3000/3001/3002,00086960F,Indactor,hh2,3
122,"U3002,U57,U45",00106588F,IC SWITCH QUAD SPDT 0.2A LFCSP,hh2,4
123,U30,00053443F,IC AMP OP DUAL LOW NOISE MSOP 8,hh2,5
124,G1,00081332F,CRYSTAL OSC 26MHZ LCC 4,hh2,6
125,"u36,u50",00107662F,IC AMP OP X2 200MHZ 2V5-5V QFN,hh2,7
126,"C29,C37",00083524N,CAP CHIP CER 47 UF 6.3 V 20% X,hh2,8
127,U48,00035212N,IC ADC DIF DRIVER 12BIT MODULE,hh2,9
128,U42,00112242F,IC ADC 12BIT 3MSPS T/H SOT 6,hh2,10
129,"u3005,u3009",00135568F,IC VR ADJ BUCKX2 LDOX2 QFN 24,hh2,11
130,"U5,U6",00121698F,IC FILTER LP 10TH ORDER SOIC 8,hh2,12
131,-,-,FERRITE BEAD 600E 2A 25% 0805,hh2,13
132,U20,00062767F,IC COMP 1.8V NANOPOWER SC70 5,hh2,14
133,"L3,L4,L2",00086960f,INDUCTOR CHIP 2.2UH 1.6A 30% 12,hh2,15
134,U2,00084673F,IC AMP OP R/R L-NOISE W-B SSOP,hh2,16
135,U53,00075505F,IC DAC DUAL 14BIT 3.3V LFCSP 40,hh2,17
136,"U7,U29",00121630F,IC DAC 14BIT SER VSSOP 8,hh2,18
137,U8,00123622F,IC AMP OP X2 4-36V L-NOISE DFN,hh2,19
138,U17,00107662F,IC AMP OP X2 200MHZ 2V5-5V QFN,hh2,20
139,U3004,00087709F,IC COMP 7NS 2.7-5VR/ROUT SC70 5,hh2,21
140,G3,00083748F,OSC VOLTAGE 49.1520MHZ 3.3V LCC,hh2,22
141,E4,00080952N,FERRITE BEAD 330E 500MA 25%,hh2,23
142,"E1,E13-E16",00045955N,FERRITE BEAD 600E 0.3A 25% 040,hh2,1
143,U46,00127080F,IC AMP OP QUAD R/R TSSOP 14,hh2,2
144,U35,00083051F,IC DIG I/O ISOLATOR 6CH SOIC 16,hh2,3
145,"U24,U25",00122546F,IC CONV DC/DC ASSY 1A TO263 7,hh2,4
146,U51,00079713F,IC CODEC STEREO AUDIO PBGA 80,hh2,5
147,U21,00080676F,IC ANA LED DRIVER QFN 8,hh2,6
148,U57,00132721F,IC AMP AUDIO BTL 3W 2.2-18V DF,hh2,7
149,E3,00094646F,FERRITE BEAD 22E 300MA 20%,hh2,8
150,E2,00087485F,FERRITE BEAD 120E 3A 25% 1206,hh2,9
151,U28,00085141F,IC CONV BUCK  ASSY 2A QFN 24,hh2,10
152,"C267,C519 ",00074639F,CAP CHIP CER 47 UF 25 V 10% X7,hh2,11
153,U52,00090149F,IC AMP OP DUAL R/R OUT TSSOP 8,hh2,12
154,U27,00087699F,IC VOLT INVER SWITCH CAP SOT23,hh2,13
155,FL1,00121023F,FILTER SAW 1588M GPS GNSS,hh2,14
156,T1,00108062F,TRAFO LAN 10/100 BASET 1:1 SMT,hh2,15
157,E62,00066158F,FERRITE BEAD 1K 250MA 25% 0402,hh2,16
158,U17,00081008F,IC ETHERNET CONTROL 16BIT QFN 5,hh2,17
159,U30,00121020F,IC ANA GPS GNSS MAX-7C LCC 18,hh2,18
160,"U15,U37,U38",00081433F,IC LINE RS232 1.8V 2XTRS DFN 16,hh2,19
161,"U47,U49",00084848F,IC ANA MUX CMOS SINGL SSOP 8,hh2,20
162,"L18,L19",00088501F,INDUCTOR PWR 10UH 1A 30%,hh2,21
163,"J26,J38",00099555F,JACK RJ45 8 C Str Pc,hh2,1
164,R93,99979419M,RES CHIP MF ZERO-E 0.1W 5% 0603,hh2,2
165,"U11,U12,U13",00085451F,IC CONV BUCK  ASSY 3A TO263 7,hh2,3
166,U3,00132146F,IC RF SWITCH 0-2GHZ SOT23 6,hh2,4
167,"U14,U18-20",00092124F,IC SCHMIT T LCX BUFFER X2 SC70,hh2,5
168,U7,00062816F,IC INVERT DUAL UHS SCHMITT SC70,hh2,6
169,"P61,P62",00085070F,HEADER RECT 6 P RA SMT P 1MM,hh2,7
170,L9,00081416F,INDUCTOR PWR 4.7UH 900MA 20%,hh2,8
171,U15,00085368F,IC VOLT INVER 1.7A ADJ DFN 10,hh2,9
172,U54,00084722F,IC AMP OP R/R I/O 80MHZ SSOP 5,hh2,10
173,Q9,00111942F,TRANS BIPOLAR NPN 40V SOT23,hh2,11
174,1CR,00087660F,SCHOTTKY DIODE 25V 200MA SOD323,hh2,12
175,"CR5,CR6",00084628F,SWITCHING DIODE 40V 0.2A SC-79,hh2,13
176,U15,00085368F,IC VOLT INVER 1.7A ADJ DFN 10,hh2,14
177,"U39,U33",00081433F,IC LINE RS232 1.8V 2XTRS DFN 16,hh2,15
178,U49,00121630F,IC DAC 14BIT SER VSSOP 8,hh2,16
179,Y1,00081323F,QUARTZ CRYSTAL 25.000MHZ LCC 4,hh2,17
180,U10,00081350F,IC CONV DC/DC BOOST ADJ QFN 16,hh2,18
181,U41,00084927F,IC SCHMIT T LCX BUFFER X3 MSOP,hh2,19
182,T1,00066736F,TRAFO 100BASE-T 8MA SOIC,hh2,20
183,U16,00080528F,IC CONV DC/DC BOOST 18V/3A TSSO,hh2,21
184,U24,00080974F,IC BUS TRANSC 16BIT PBGA 56,hh2,22
185,L9,00081416F,INDUCTOR PWR 4.7UH 900MA 20%,hh2,23
186,U9,00085181F,IC CONV BUCK  ASSY 1.5A QFN 16,hh2,24
187,"SW6,SW7",00091615F,SWITCH SLIDE DPDT RIGHT ANGLE,hh2,25
188,R960,00087174F,RES CHIP MF 0.1E 1W 1% 2512,hh2,26
189,U38,00112376F,IC ETHERNET MAC PHY CONTR QFP 4,hh2,27
190,DS11,00091580F,LED GREEN 2MA SMT 0603,hh2,28
191,U17,00085140F,IC CONV BUCK  ASSY 1A QFN 16,hh2,29
192,C70,00033425N,CAP CHIP CER 22 UF 6.3 V 20% X,hh2,30
193,CP2,00086294F,SPLITTER 2WAY 90DEG 30- 108MHZ,hh2,31
194,P8,00085085F,HEADER RECT 5 P RA SMT P 1MM,hh2,32
195,L62,00053867N,FERRITE BEAD 60E 0.5A 25%,manpack,1
196,"L19,L11,L4",00028865N,FERRITE BEAD 600E 1A 20% 0603,manpack,2
197,L2,00005407N,FERRITE BEAD 600E 200MA 25% 06,manpack,3
198,U1,00109826F,IC SWITCH LOAD ADJ .4-2A MLP 8,manpack,4
199,U20,00121458F,IC VR DC/DC BUCK ADJ 3 QFN 14,manpack,5
200,NA,00086883F,SCHOTTKY DIODE HP 60V 3A SMC,manpack,6
201,CR19,00088820F,SCHOTTKY DIODE 40V 0.2A SOD523,manpack,7
202,CR23,00123712F,SCHOTTKY DIODE DUAL 30V 0.2A S,manpack,8
203,VR1,99981739M,"ZENER DIODE, 2% SMT 18V 0.5W S",manpack,9
204,NA,00077657F,TRANSZORB B/DIR 150V 0.1W 0603,manpack,10
205,U30,00064276F,IC TRANSLATOR 2BIT DUAL SUP MOD,manpack,11
206,T1,00108062F,TRAFO LAN 10/100 BASET 1:1 SMT,manpack,12
207,"SW1,SW2/SW8",00095658N,SWITCH DIP SPDT 8X3POS SMT LP,manpack,13
208,U4,00080676F,IC ANA LED DRIVER QFN 8,manpack,14
209,U147,00124020F,IC BUS EXPANDER 16BIT I QFN 24,manpack,15
210,NA,00070675F,LED 45MCD 2.2/20 120DEG,manpack,16
211,NA,00032399N,LED RED/GRN 2.5MCD 2.2V SMT0603,manpack,17
212,U11,00099173F,IC VR LDO ADJ 250MA DFN 6,manpack,18
213,NA,00122414F,IC ADC 12BIT 500MSPS PBGA 196,manpack,19
214,U2,00101973F,IC BUS TRANSC 4BIT DUAL SUPPL Q,manpack,20
215,U64,00111176F,IC SWITCH LOAD 36V AUTO-R SOIC,manpack,21
216,CR23,00035622N,TRANSZORB ETHER 5V 8KV SOT23-6,manpack,22
217,NA,00081663F,IC VR DC/DC BUCK LV 2A 2MHZ QF,manpack,23
218,NA,00085368F,IC VOLT INVER 1.7A ADJ DFN 10,manpack,24
219,NA,00032457N,INDUCTOR CHIP 1UH 11A 20%,manpack,25
220,L1,00106994F,INDUCTOR CHIP 2.2UH 10A 20%,manpack,26
221,"L8,L16",00133042F,INDUCTOR CHIP 3.3UH 1.5A 20%,manpack,27
222,L44,00060701F,INDUCTOR CHIP 1.5UH 2.8A 20% S,manpack,28
223,NA,NA,NA,manpack,29
224,NA,NA,NA,manpack,30
225,NA,00088299F,ZENER DIODE 18V 0.3W SOT23,manpack,31
226,NA,00136407F,IC VR LDO 1.5A/3.3V  L-NOI SOI,manpack,32
227,U63,00084911f,IC DIG LCX 2-IN AND X1 SC70 5,manpack,33
228,U20,00124174F,IC TRANSLATOR 4BIT BI DQFN 16,manpack,34
229,NA,00120613F,IC VR LDO 1.8V 0.4A SOT23 5,manpack,35
230,NA,00134966F,IC CONV DC/DC 1A/60V BOOST SW D,manpack,36
231,NA,00119359F,IC SUPERVISOR PUSH-PULL TQFN 16,manpack,37
232,NA,00164713F,INDUCTOR CHIP 2.2UH 2.8A 20% 4,manpack,38
233,U11,00123469F,IC TRANSC 10/100BASE QFN 24,manpack,39
234,NA,00060795F,IC TRANSCEIVER 250KBPS 3V RS23,manpack,40
235,U1,00029763N,IC VR LDO ADJ 100MA SOT23 5,manpack,41
236,"U4,U21",00090471F,IC DIG USB TO SPI CONV QFN 64,manpack,42
237,NA,00130317F,IC FPGA KINTEX-7 325K 2L GR BGA,manpack,43
238,NA,00098073F,IC DAC X2 16BIT TXDAC QFN 88,manpack,44
239,U7,00078306F,IC VR ADJ VLDO DFN 6,manpack,45
240,U44,00092122F,IC BUFFER DUAL OPEN DRAIN SC70,manpack,46
241,"U37,U39",00136868F,IC BUS SWITCH X4 MUX QFN 16,manpack,47
242,U522,00120092F,MEMS OSC 200.00MHZ LVDS LCC 6,manpack,48
243,"U3,U534",00115014F,IC CONV 3 TO 17V STEP DO QFN 16,manpack,49
244,NA,00062689F,IC BUFFER TRIPLE GATE SOIC 8,manpack,50
245,U46,00153557F,IC SWITCH OR-ING 0.5A DFN 12,manpack,51
246,U518,00088784F,IC LVDS TO LVDS 670MHZ UMAXE 10,manpack,52
247,Q3,00120786F,CRYSTAL OSC 32.0MHZ 1.8V LCC 4,manpack,53
248,U7,00153154F,IC TRANSLATOR BUS I2C VSSOP 8,manpack,54
249,U8,00122419F,IC MONITOR POW SUP SEQUEN QFN 3,manpack,55
250,U513,00119287F,IC TRANSC 10 100BASE QFN 24,manpack,56
251,U507,00099855F,IC BUFFER X1 DIFF TO CML QFN 16,manpack,57
252,U541,00154682F,IC VR DC/DC BUCK LOW IQ 3-5V D,manpack,58
253,U8,00122487F,IC SUPERVISOR RESET PROGR SEQ Q,manpack,59
254,U28,00069552F,IC BUFFER OCTAL 3S QFN 20,manpack,60
255,U5,00102510F,IC ANA ON/OFF CNTLR INT SOT23 8,manpack,61
256,U14,00124039F,IC TRANSC RS232/485/422 QFN 32,manpack,62
257,Q10,00097466F,TRANS MOS DUAL P-CH 1.8V SSOT6,manpack,63
258,                                           ,00129671F,IC VR LDO ADJ 0.15A 0.9-6V SC70,manpack,64
259,"U20,U4",00062767F,IC COMP 1.8V NANOPOWER SC70 5,manpack,65
260,"U16,U10,22,U43,U18",00120566F,IC CONV 4.5-18VIN 2A QFN 16,manpack,66
261,U41,00119567F,IC CONV BUCK DDR 3A 4MHZ QFN 24,manpack,67
262,U12,00099677F,CRYSTAL OSC 25MHZ 1.8V LCC 4,manpack,68
263,"Q5,Q7",00064354F,TRANS MOSFET N-CH 100V 40A DPAK,manpack,69
264,U3,00119361F,IC SUPERVISOR 2A PMIC VQFN 48,manpack,70
265,U25,00086745F,IC VR TERMINATION SON 10,manpack,71
266,U17,00130789F,IC HOT SWAP REAPPLIES MSOP 12,manpack,72
267,U1,00121205f,IC BUS DRIVER 16BIT TVSOP 48,manpack,73
268,U9,00138409F,IC CLOCK GEN X2 PLL I2C QFN 20,manpack,74
269,CR2,00059944F,SWITCHING DIODE 75V 300MA SOD3,manpack,75
270,U34,00092452F,IC SWITCH PWRX1 1.2A LIMIT SOT2,manpack,76
271,Q9,00108420F,TRANS MOSFET N-CH 20V DUAL SC,manpack,77
272,L6 ,00088002F,INDUCTOR CHIP 1.2UH 4A 20% 0001,manpack,78
273,L23,00124000F,INDUCTOR CHIP 2.2NH 2.1A 5% 040,manpack,79
274,"L6,L7",00012842N,INDUCTOR PWR 47UHY 0.8A 30% SHL,manpack,80
275,"L3,L4 ",00106948F,INDUCTOR PWR 3.3UH 2.9A 20% 4X,manpack,81
276,"L16,L17",00086963F,INDUCTOR CHIP 4.7UH 1A 30% 121,manpack,82
277,L26,00087995F,INDUCTOR CHIP 0.88UH 4.5A 20% 0,manpack,83
278,L21,00123126F,INDUCTOR PWR 3.3UH 2.7A 20% 3X3,manpack,84
279,U50,00121008F,IC CONV 4.5-18VIN 5.5A SSOP 14,manpack,85
280,Q5,00124236F,IC SWITCH LOAD 1.2-20V SC70 6,manpack,86
281,U41,00075018F,IC DIG SWITCH 2:1MUX/SPDT SC70,manpack,87
282,U42,00123268F,IC SWITCH ADJ LIMIT 0.9A SOT23,manpack,88
283,U24,00121554F,IC VR 500KHZ 5A SSOP 16,manpack,89
284,Q1,00076789F,TRANS MOSFET N-CH 20V 3.2A SOT,manpack,90
285,L7,00088731F,FERRITE BEAD 1K 0.35A 25% 0402,manpack,91
286,Q9,00084478F,TRANS MOSFET P-CH 20V 3A 2V7,manpack,92
287,U19,00120721F,IC SWITCH LATCH-OFF 1.2A SOT23,manpack,93
288,U21,00119358f,CRYSTAL OSC RTC 32.768HZ SON 10,manpack,94
289,U1,00122495F,IC DIG GATE ULP-A 2IN SC70 5,manpack,95
290,U9,00085204F,IC ANA SWITCH 4XSPST LV TSSOP 1,manpack,96
291,U10,00119911F,IC GATE QUAD 2IN NOR TSSOP 14,manpack,97
292,U6,00123711F,IC EEPROM SER 512K 1MHZ SOIC 8,manpack,98
293,U2,00099173F,IC VR LDO ADJ 250MA DFN 6,manpack,99
294,U3,00150910F,IC BRIDGE USB2-4XSPI/I2C QFN 32,manpack,100
295,U4,00073721F,CRYSTAL OSC 12.000MHZ 3.3V SMT,manpack,101
296,U5,00080660F,IC BUS TRANSC 4BIT QFN 16,manpack,102
297,U10,00058014N,IC REG SWTCH 1.2A 750KH DFN 6,manpack,103
298,U27,00121607F,IC FPGA ARTIX7,manpack,104
299,U49,00120847F,IC MC ARM GG,manpack,105
300,u4,00102988f,IC CLOCK BUFF 1:4  LVPECL QFN *,manpack,106
301,u29,00148006F,IC FLASH NAND ECC 4GBIT X16 BG*,manpack,107
302,U36,00159662N,IC FF POS-EDGE-DTYPE SOT23 5,manpack,108
303,u541,00187309F,IC VR LDO 3V3 0.15A 38V DFN 6,manpack,109
304,U2,F00179412, FTDI,manpack,110
305,u39,00009301N,IC GATE AND 2IN X1 SC70 5,manpack,111
306,u541,00187530F,LDO 40/3.3V 0.2A LN DFN 6,manpack,112
307,CR1/2/3,00035622N,TRANSZORB ETHER 5V 8KV SOT23-6,va,1
308,U29,00087561F,IC CONV DC/DC DUAL BUCK LDO LLP,va,2
309,-,00088002F,INDUCTOR CHIP 1.2UH 4A 20% 0001,va,3
310,R1,00027535N,RES CHIP MF 0.1E 0.25W 1% 1206,va,4
311,-,00103016F,IC VR DC/DC BUCK 4-36V .6A SOT,va,5
312,-,00085416F,IC SWITCH DIF CML 2X2 CROS MLF,va,6
313,-,20731305000,TRANSFORMER AUDIO 0.2W 1.7V - 6V,va,7
314,-,00123914F,QUARTZ CRYSTAL 24.576MHZ 30PPM,va,8
315,U9/10/11/12/13/15,00141868F,IC AMP AUDIO 3W CLAS DG QFN 16,va,9
316,-,00081087F,INDUCTOR CHIP 1UH 1.1A 20%,va,10
317,-,00088096F,INDUCTOR CHIP 2.2UH 5.8A 20% 2,va,11
318,U3/4,00085222F,IC ANA SWITCH SPDT +/-PS SOT23,va,12
319,-,00077657F,TRANSZORB B/DIR 150V 0.1W 0603,va,13
320,-,00159278F,TRANSZORB ESD 24V 30KV 0402,va,14
321,U12,00119567F,IC CONV BUCK DDR 3A 4MHZ QFN 24,va,15
322,U18,00065947F,CRYSTAL OSC 25.0MHZ 3.3V LCC 4,va,16
323,U7,00120721F,IC SWITCH LATCH-OFF 1.2A SOT23,va,17
324,U5/6,00103343F,IC CODEC STEREO AUDIO QFN 48,va,18
325,U36,00130547F,IC VR 42V 4A QFN 18,va,19
326,U28,00131980F,IC VR 42V 6A QFN 28,va,20
327,-,00085061F,HEADER RECT 2 P RA SMT P 1MM,va,21
328,P5,00052414N,SOCKET SMT 10 S STR LP .05,va,22
329,U1,00121458F,IC VR DC/DC BUCK ADJ 3 QFN 14,va,23
330,U10,00141019F,IC VR PWR MANAG BGA 98,va,24
331,U6,00118721N,MEMS OSC 20.00MHZ 2X2.5 LCC 4,va,25
332,Q16-23,00149069F,TRANS MOSFET P-CH 100V SO8,va,26
333,-,00063316F,QUARTZ CRYSTAL 32.768KHZ LCC 2,va,27
334,U6,00069083F,IC TRANSCEIVER RS-232 1MBPS TQ,va,28
335,J2,00150199F,PLUG RECT 100 C ST SMT 0.5MM,va,29
336,-,00083122F,LED TRI-COLOR RED/GRN/ORG 2832,va,30
337,-,00087995F,INDUCTOR CHIP 0.88UH 4.5A 20% 0,va,31
338,U48,00124020F,IC BUS EXPANDER 16BIT I QFN 24,va,32
339,U1/2/53/54,00149646F,IC AMP AUDIO BW 32MHZ SMT 10,va,33
340,U37,00142285F,IC EEPROM I2C 1KX8 1.8V DFN 8,va,34
341,FL1-7,00123958F,TRANSZORB B/DIR 12VDC 250V 040,va,35
342,-,99990471M,LED GRN 18MCD 2.0/20 STR SMT P*,va,36
343,CR14,00075764F,SCHOTTKY DIODE 100V 2X30A TO263,va,37
344,SW1,00130116F,"SWITCH TOGL SPDT 0.5A, 48V",va,38
345,U10,00141019F,IC VR PWR MANAG BGA 98,va,39
346,U42/43/56,15145116M,IC BUFFER DUAL OPEN DRAIN SC70*,va,40
347,U27,00108890F,IC SWITCH LAN 1000BASE-T TQFN,va,41
348,-,00134966F,IC CONV DC/DC 1A/60V BOOST SW D,va,42
349,-,00047446F,RES CHIP MF 22E 0.05W 5% 0201,va,43
350,L7,00133042F,INDUCTOR CHIP 3.3UH 1.5A 20%,va,44
351,U57,00085289F,IC SENSOR TEMP SMBUS SOT 563,va,45
352,Q1,00124236F,IC SWITCH LOAD 1.2-20V SC70 6,va,46
353,-,00137190F,IC EEPROM SER 512K 1.8 -3V 400,va,47
354,U14,00076186F,IC BUS I2C 16BIT HVQFN 16,va,48
355,CR29,00086284F,SCHOTTKY DIODE DUAL 170V 16A D,va,49
356,-,00085369F,INDUCTOR PWR 4.7UH 1.7A 20% SMD,va,50
357,-,00063424F,SCHOTTKY DIODE 20V 2A SMT SOD12,va,51
358,u7,00169671F,IC VR LDO IN<16V 3V3 0.25A DFN*,va,52
359,-,00034719N,SOCKET STRIP 20 S ST SMT 2R W/L,va,53
360,-,00062390F,IC COMP 5UA S-BY SOT23 5,va,54
361,U153,00090321F,IC VR LDO 1.8V 150MA +EN SOT23*,va,55
362,-,00047230N,IC BUFFER SCHMITT TINY SC70 5,va,56
363,-,00027935N,"IC VOLTAGE REF 2.5V,B-GRADE SO",va,57
364,CR55,00098181F,CURRENT DIODE 2MA 0.5W SOD 123,va,58
365,U154,00008226N,IC BUFFER SINGLE NON INV SC-70*,va,59
366,U12/U13,00092134F,IC MUX SINGLE 2 TO 1 SC70 6,va,60
367,U10,00044711N,IC TRANSLATOR 16MBPS SOT23 8,va,61
368,CR2/CR3,00084526F,SWITCHING DIODE 100V 4148 SOD1*,va,62
369,U1,00105738N,IC VR OVERVOLT PROTECT DFN 12,va,63
370,-,00144454F,IC MC ARM CORTEX MO+ 256K-FL 4,va,64
371,sw5,00149048F,IC ANA SW 2X SPDT +/-8V QFN 16,va,65
372,U32,00077339F,IC VR LDO 3.3V 400MA SOT23 5,vic,1
373,U1/2,00103343F,IC CODEC STEREO AUDIO QFN 48,vic,2
374,U7,00117609F,IC VR DC/DC BOOST 3-32V QFN 16,vic,3
375,P13,00131898N,SOCKET FPC/FFC 61 S RA SMT P0.,vic,4
376,U18,00149646F,IC AMP AUDIO BW 32MHZ SMT 10,vic,5
377,U1,00085289F,IC SENSOR TEMP SMBUS SOT 563,vic,6
378,Q22/23,00154384F,TRANS MOSFET P-CH 60V X2 SO8,vic,7
379,U34,00131980F,IC VR 42V 6A QFN 28,vic,8
380,U36,00065239F,IC CONV SWITCHED CAP VOL SOT23,vic,9
381,U5,00123949F,IC CONT I2C SCAN ESD QFN 24,vic,10
382,U6,00079677F,IC BUS TRANSC DUAL-BIT PSOP 8,vic,11
383,U70,00133904F,IC VR LINEAR 100VIN 50MA MSOP,vic,12
384,U71,00077292F,IC SUPERVISOR FET CONT 36V MSO,vic,13
385,U5/6,00141868F,IC AMP AUDIO 3W CLAS DG QFN 16,vic,14
386,U3/4,00080676F,IC ANA LED DRIVER QFN 8,vic,15
387,CR15,00150906F,LED GREEN,vic,16
388,C171/172,00148954F,CAP CHIP CER 15 NF 25 V 1% 060,vic,17
389,U6,00079677F,IC BUS TRANSC DUAL-BIT PSOP 8,vic,18
390,E1/2,00005407N,FERRITE BEAD 600E 200MA 25% 06,vic,19
391,U2,00124733F,IC BUS LED DRIVER 7BIT TSSOP 14,vic,20
392,U45,00087561F,IC CONV DC/DC DUAL BUCK LDO LLP,vic,21
393,U1,00060795F,IC TRANSCEIVER 250KBPS 3V RS23,vic,22
394,-,00141648F,IC VR LDO 1.5A FAST L-NOIS SOIC,vic,23
395,U3/4,00083122F,LED TRI-COLOR RED/GRN/ORG 2832,vic,24
396,L42/43,00062082F,INDUCTOR CHIP 2.2UH 2.5A 20% 2*,vic,25
397,T3,00128999F,TRAFO LAN 1000BASET 2PORT,vic,26
398,U1,00060795F,IC TRANSCEIVER 250KBPS 3V RS23,vic,27
399,U4,00089178F,IC INTERFACE USB UART QFN 32,vic,28
400,U43,00080660F,IC BUS TRANSC 4BIT QFN 16,vic,29
401,U8/9,00140557F,IC VR DC/DC BUCK SYNC 1.2A QFN,vic,30
402,U7/8/9/10,00062584F,IC BUFFER DUAL W/SCHMIT TR SC7*,vic,31
403,U51/52,00109826F,IC SWITCH LOAD ADJ .4-2A MLP 8,vic,32
404,O1,00146764F,RECEPT RECT 300 C ST SMT,vic,33
405,NA,00120404F,SHVOTTKEY DIODE 60V 1A,vic,34
406,U44,00138229F,IC LINE RS232 2T+2R PROT TSSOP,vic,35
407,U68,00062816F,IC INVERT DUAL UHS SCHMITT SC70,vic,36
408,P1,00131898N,SOCKET FPC/FFC 61 S RA SMT P0.,vic,37
409,u28,40217737988,ic ethernetswitch,vic,38
410,CR41,00155804F,SCHOTTKY DIODE 60 3A SOD128,vic,39
411,NA,00093722n,TRANS MOSFET P-CH -40V TO236,vic,40
412,NA,99971937M,ZENER DIODE 5% 5.10V 0.50W SOD,vic,41
413,NA,00016459N,RES CHIP MF 75E 0.125W 1% 0805,vic,42
414,NA,00043880N,RES CHIP MF 681E 0.1W 1% 0603,vic,43
415,NA,00016446N,RES CHIP MF 49.9E 0.125W 1% 08*,vic,44
416,NA,00141929F,INDUCTOR PWR 150UH 0.22A 20% 4,vic,45
417,NA,00091503F,IC ANA CONTR OR-RING X2 MSOP 10,vic,46
418,NA,00129866f,IC DRIVER H-BRIGE SOIC 8,vic,47
419,L87,00088001F,INDUCTOR CHIP 1UH 4.5A 20% 0001,rdt,1
420,U70,00107167F,IC ADC 14BIT X4 125MSPS QFN 48,rdt,2
421,U42,00060749F,CRYSTAL OSC RTC 32KHZ SOIC 16,rdt,3
422,U120,00133487F,IC FLASH 128MX16 110NS 3V BGA 6,rdt,4
423,u82/86,00085235F,IC TRANSCEIVER 10/100-TX 1CHAN,rdt,5
424,G5,00113537F,OSC VOLTAGE 100MHZ 3.3V XO LCC,rdt,6
425,U53,00058909F,IC PLD 48CELL 12IN CH 3.3V TQFP,rdt,7
426,-,00062701F,SCHOTTKY DIODE 70V 50MA SC-79,rdt,8
427,U128,00084927F,IC SCHMIT T LCX BUFFER X3 MSOP,rdt,9
428,U116/117,00084906F,IC DIG LCX D-FF SINGLE MSOP 8,rdt,10
429,U5/11/85/111,00132639F,IC TRANSLATOR 1BIT UNI-D SC70 5,rdt,11
430,U109/110,00110487F,IC ETH TRANSC PHY SGMII QFN 56,rdt,12
431,T3,00131662F,TRAFO ETHERN 10/100 DUAL SMT,rdt,13
432,U50,00080871F,IC INVERT X1 OPEN-DR SC70 5,rdt,14
433,U55/76/84/99/100,00123159F,IC VR DC/DC BUCK SYNC 8A QFN 14,rdt,15
434,U22/36/37,00079477F,IC BUS TRANSC 16BIT VFBGA 56,rdt,16
435,U145,00090322F,IC VR LDO ADJ 150MA LNOISE MSO*,rdt,17
436,U39,00132876F,IC TRANSC RS232 1XTX+1XRX DFN,rdt,18
437,U49,00071245F,IC TRANSC 1.8V 10/100BASE LQFP,rdt,19
438,T13/14,00081134F,TRAFO RF 1:1CT 1.5- 500MH SMT5,rdt,20
439,-,00018955N,IC BUS BUF/DRV 0.45V 5-PIN SOT*,rdt,21
440,U122,00144549F,IC FLASH SER 256M QIO DFN 8,rdt,22
441,-,00084382F,IC AMP INCL. MICROPHONE LGA 6,rdt,23
442,U19,00103306F,IC DAC 16BIT X4 1.2GSPS QFN 88,rdt,24
443,L93,00082266F,INDUCTOR CHIP 4.7UH 5.5A 20%,rdt,25
444,U24,00120114F,IC VR ADJ LDO .8-3V6 1.5A DFN,rdt,26
445,U75,40212247788,NO ELBIT NUMBER,rdt,27
446,U18,00130789F,IC HOT SWAP REAPPLIES MSOP 12,rdt,28
447,U1,00053372F,IC BUFFER 10BIT 3STATE TSSOP 24,rdt,29
448,U10,00110526F,IC FLASH MEM 256MBIT 3.3V PDFN*,rdt,30
449,U11,00085996F,IC CONT 32BIT USB CAN ET TQFP *,rdt,31
450,U5,00063533F,IC TRANSC CAN 1MBAUD SOIC 8,rdt,32
451,U12,00084740F,IC VR DC/DC BUCK ADJ 3A SOIC 8,rdt,33
452,U17,00063778F,IC TRANSCEIVER 12MBPS 3.3V SOI,rdt,34
453,U15,00138229F,IC LINE RS232 2T+2R PROT TSSOP,rdt,35
454,U8,00083322F,IC SWITCH 17V 6A OUT QFN 14,rdt,36
455,Y1 Y2,40225002300,CRYSTAL 25MHZ,rdt,37
456,cpld,00163966F,IC EPLD 7000LUTS 3.3V 5GR BGA,rdt,38
457,U40/45,00084917F,IC SCHMIT T LCX SINGLE SC70 5,hf,1
458,U114,00102117f,IC EEPROM 1024K I2C SOIC 8,hf,2
459,Q5,00120289f,TRANS MOSFET N-CH 8V SC70-6,hf,3
460,U29,00122967f,IC BUFFER 3GHZ 6OUT QFN 36,hf,4
461,U28,00123138F,IC TRANSCEIVER RS-232 1MBPS TQ,hf,5
462,U116,00100401F,IC SRAM 512KX16 45NS ASYN VFBGA,hf,6
463,U26,00111775F,IC DDR 3 128X16 1.25N FBGA 96,hf,7
464,U43,00086534F,IC VR LINEAR ADJ 1.5ALDO SON 10,hf,8
465,U70,00122375F,IC MC POWERQUICC 133MHZ 357 BGA,hf,9
466,U105,00100863F,IC SENSOR CURRENT 36V TSOT23 5,hf,10
467,U92,00122988F,IC TRANSC 10 100BASE QFN 32,hf,11
468,U65,00085167F,IC DAC 10BIT SERIAL IN SOT23 6,hf,12
469,U95,00034460N,IC DIG PROCESS.SPRVSRY SOIC 5,hf,13
470,U37,00152790F,IC FLASH SER 256MB NOR 3.3V PD,hf,14
471,U126,00128800F,IC CONV DC/DC 1A/60V BOOST SW D,hf,15
472,U22/23,00104788F,IC BUS TRANSC 16BIT TVSOP 48,hf,16
473,U84,00075337F,IC VR STEP-DOWN QFN 16,hf,17
474,U25,00120387F,IC CLOCK BUFFER 1:4 TSSOP 8,hf,18
475,U56,00098908F,IC CONV SYNC BUCK 4.5-14 SON 22,hf,19
476,NA,00113867f,NA,hf,20
477,U29,00063948F,CRYSTAL OSC 14.31818MHZ 1.8V L,iris,1
478,U44,00052034F,IC EEPROM SER 256X8 10NS 1.8V,iris,2
479,U5,00119159F,IC ETHERNET SWITCH 7PORT TQFP,iris,3
480,U43,00168767F,CRYSTAL OSC RTC 32.768KH OPT A*,iris,4
481,U13,00062721F,IC BUFFER DUAL UHS SC70 6,iris,5
482,U16,00084095F,IC TRANSLATOR BUS I2C TSSOP 8,iris,6
483,U18,00009389N,"IC BUFFER TINY,UHS, SC70 5",iris,7
484,"CR19,CR20",00156478F,SCHOTTKY DIODE 30V 0.1A 1006,iris,8
485,U37,00077457F,IC FF TINY UHS D-TYPE SC70 6,iris,9
486,CR22,00088766F,SCHOTTKY DIODE 40V 2A SOD123,iris,10
487,U15,00132841F,IC VOLTAGE REF 5V 100MA SOIC 8,iris,11
488,U25,00069100N,IC VR LDO ADJ 500MA SOIC 8,iris,12
489,U49,00063585F,IC AMP OP X2 15MHZ TSSOP 8,iris,13
490,K1,00143579F,RELAY SOLID DPDT 60V 0.12A SMT,iris,14
491,U31,00167085F,IC SWITCH PWR 3-18V 3A QOD DFN*,iris,15
492,CR3,00115748F,SCHOTTKY DIODE X2 30V .2A SOT3,iris,16
493,U83,00159463F,IC LINE RS232 2T+2R 1.8V QFN 24,iris,17
494,U9,00119013F,IC DSP DUAL CORE RISK 349 BGA,iris,18
495,U19,00062694F,IC BUS TRANSC 8BIT TRANSLATOR *,iris,19
496,U54,00141764F,IC CLOCK BUFF 1:4 1V8-3V3 DFN 8,iris,20
497,U53,00170909F,IC CLOCK GEN X2 PLL I2C QFN 20,iris,21
498,U23,00136082F,IC VR LDO ADJ 200MA RF DFN 10,iris,22
499,U74,99985202M,IC VR ADJ SHUNT 0.4% SOIC 8,iris,23
500,U64,00090542F,IC COMP OPEN DRAIN SOT23 5,iris,24
501,U63,00126993F,IC ANA GPS GNSS 167DBM LCC 18,iris,25
502,U80,00121581F,IC DIG ISOLATOR 2CH MSOP 8,iris,26
503,U4,00071089F,IC VR LDO ADJ 0.1A SOT23 5,iris,27
504,U3,00127035F,IC BUFFER I2C BIDIR LEVEL TSSO,iris,28
505,U43,00140617F,IC DIG THERMOSTAT ADJ SC70 6,iris,29
506,U26,00164603F,IC CONV DC/DC 9-36/5V 6A ISOL,iris,30
507,U31,00164169F,IC CONV DC/DC 18-36/5V 24A ISO,iris,31
508,U30,00146343F,IC CONV DC/DC 500WATT QFP 4,iris,32
509,F1&F2,00083136F,FILTER EMI 15A 100V SMT-4,iris,33
510,U1,00087800F,IC DIG HCMOS SHF REG SOIC 16,iris,34
511,U7,00112033F,IC VR LDO 1A LINEAR SON 8,iris,35
512,Q4,00166102F,TRANS MOSFET N-CH X2 60V SO8,iris,36
513,U16,,IC ANA OV/UV CNTRL DFN 8,iris,37
514,U42,00152790F,IC FLASH SER 256MB NOR 3.3V PD,iris,38
515,U9,00121554F,376f,iris,39
516,U58,00133429F,IC ARRAY DIODE TVS SLP 6,iris,40
517,C37,00085910F,CAP CHIP CER 1 NF 2 KV 10% X7R,iris,41
518,Green Led,00085269F,LED GREEN SMD 0402,iris,42
519,U5,00129671F,LDO ADJ 9-6V,iris,43
520,U34,00133908F,IC CPLD 160 LE FLASH 1V8-3V QF,iris,44
521,p1,00083048F,HEADER RECT 10 P ST SMT P0.8MM,iris,45
522,THERM 10K ,00064377F,THERMISTOR 10K 0.1W 1% NTC 0402,iris,46
523,U10/11,00133426F,IC SWITCH EFUSE POWER WQFN 20,iris,47
524,U20,00161816f,IC VR OVER VOLT PROTEC DFN 14,iris,48
525,,00057786F,SCHOTTKY DIODE 60V 3A SMB,iris,49
526,u28,00138376F,IC VR DC/DC BUCK-BOOST 5-58V B*,iris,50
527,q12,99914119M,TRANS FET N-CH 100V SOT-23,iris,51
528,Q1/2,00158407F,TRANS MOSFET N-CH 60V SO8PWR,iris,52
529,R183,00030888N,0.004E,iris,53
530,U12/13,00163962F,DC/DC BUCK 2X2A ,iris,54
531,U60,00183650F,DC/DC BUCK IMX,iris,55
532,,40172031188,CAP CHIP CER 4.7 UF 100 V 10% *,iris,56
533,,00169470F,CAP TAN 750 UF 75 V 20% E WET,iris,57
534,,00158023F,INDUCTOR CHIP 1UH 2.75A 20%,iris,58
535,S1,40335137588,NA,iris,59
536,NA,00146126F,BOARD NAFI 44 S ST SMT P0.5MM,connectors,1
537,NA,00123860N,HEADER RECT 40 P ST SMT,connectors,2
538,NA,00159297N,HEADER RECT 20 P ST SMT,connectors,3
539,NA,,,connectors,4
540,NA,00123496N,HEADER RECT 52 H ST SMT SLIM,connectors,5
541,NA,00137479F,RECEPT RECT 80 S ST SMT P .5MM,connectors,6
542,NA,00122629N,HEADER RECT 20 P ST SMT SHROUD,connectors,7
543,NA,00129215F,RECEPT RECT 40 C ST SMT U/L,connectors,8
544,NA,00110353F,CONN STRIP 60 C ST SMT SHLD,connectors,9
545,NA,00075758F,JACK RJ45 8 C Ra Pc SHIELD,connectors,10
546,NA,00122385N,RECEPT EDGE 26 C ST SMT F/CARD,connectors,11
547,NA,00102627N,JACK USB-B 4 C STR PC,connectors,12
548,NA,00146108F,HEADER NAFI 16 P ST SMT P0.05,connectors,13
549,NA,00142145F,RECEPT RECT 50 S ST SMT P .5MM,connectors,14
550,NA,88881413M,HEADER STRP 10 P STR SMT .2,connectors,15
551,NA,00052045F ,RECEPT RECT 38 S ST SMT MICTOR,connectors,16
552,NA,00123555N,RECEPT RECT 52 F ST SMT SLIM,connectors,17
553,NA,00081295F,SWITCH TACT SPST NO,connectors,18
554,NA,00134926F,HEADER RECT 80 C ST SMT P0.8MM,connectors,19
555,NA,00029489N,PLUG SMT 100 C Str Pc HISPEE,connectors,20
556,NA,00084201F,RECEPT RECT 80 C ST SMT 4ROWS,connectors,21
557,NA,00091474F,HEADER STRIP 4 P ST SMT,connectors,22
558,NA,00123858N,RECEPT RECT 40 S ST SMT U/L,connectors,23
559,NA,00140656F,SOCKET FPC/FFC 8 S RA SMT P .5,connectors,24
560,NA,00146193F,SOCKET SMT 20 ST SMT P0.8MM,connectors,25
561,NA,00143459F,"HEADER STRIP 66 P ST SMT .165""",connectors,26
562,NA,00146271F,HEADER SMT 100 ST SMT P0.05,connectors,27
563,NA,00089307F,HEADER STRIP 34 P ST SMT 2ROW,connectors,28
564,NA,00025524N,JACK RECT 8 C RA PC RJ45,connectors,29
565,NA,00145062F,"HEADER RECT 30 S ST SMT P0.05""",connectors,30
566,NA,00123362F,RECEPT RECT 10 C ST SMT (51),connectors,31
567,NA,00136697F,HEADER RECT 80 C ST SMT P .80,connectors,32
568,NA,00109327F,HEADER RECT 10 P ST SMT SHROUD,connectors,33
569,NA,00039104N,SOCKET SMT 60 C ST SMT HI/SPE,connectors,34
570,NA,00092723F,RECEPT RECT 20 C RA SMT,connectors,35
571,NA,00094615F,SOCKET RECT 40 S ST SMT,connectors,36
572,NA,00136280F,HEADER STRIP 16 P ST SMT,connectors,37
573,NA,00149603F,CONN STRIP 30 - ST SMT 0.8MM,connectors,38
574,NA,00168999N,SOCKET RECT 60 SMT 0.8MM,connectors,39
575,NA,00169767N,HEADER EDGE 60 STR 0.8MM,connectors,40
576,NA,00080718N,RECEPT RECT 143 S ST SMT,connectors,41
577,NA,00082082F,HEADER RECT 143 P ST SMT A 14.4,connectors,42
578,NA,00150103F,HEADER RECT 80 C ST SMT 4 ROWS,connectors,43
579,NA,00171705N,HEADER SMT 5 STR,connectors,44
580,NA,00167809n,SOCKET POWER 6 STRIP T.H,connectors,45
581,NA,00120940F,HEADER RECT 100 P STR PC 0.8MM,connectors,46
582,NA,00168999N,SOCKET RECT 60 SMT 0.8MM,connectors,47
583,NA,00098861F,SOCKET RECT 40 S ST SMT P0.8MM,connectors,48
584,NA,00128388F,SOCKET RECT 120 S ST SMT P .8MM,connectors,49
585,NA,00120926F,SOCKET RECT 100 S STR PC 0.8MM,connectors,50
586,NA,00149867F,SOCKET RECT 4 S Str Pc,connectors,51
587,NA,00110994F,HEADER RECT 10 P ST SMT W/LCH,connectors,52
588,NA,00085365F,HEADER STRIP 12 P ST SMT 2ROW,connectors,53
589,NA,00168468N,CONN EDGE 40 SMT 0.8MM,connectors,54
590,NA,00034877N,IC VR DC/DC BUCK-BOOST 5-58V B*,connectors,55
591,NA,00065883f,SOCKET STRIP 16 S ST SMT DR,connectors,56
592,NA,00169992N,HEADER SMT 60 STR H.S,connectors,57
593,NA,00139984F,SOCKET FPC/FFC 16 S RA SMT P.5*,connectors,58
594,NA,00167488N,HEADER POWER 6 STR T.H,connectors,59
595,NA,00102669F,JACK USB-A 4 C Str Pc,connectors,60
596,NA,00170615F,HEADER SMT 20 STRIP .5MM,connectors,61
597,NA,00170358N,HEADER SMT 40 STR 1.27MM,connectors,62
598,NA,40335400888,JACK RJ45 8 F RA SMT MAGNET,connectors,63
599,NA,40335144088,HEADER RECT 60 P ST SMT 2ROW,connectors,64
600,NA,00162569N,HEADER SMT 5 P ST SMT,connectors,65
601,NA,40335105800,HEADER RECT 5 P RA PC,connectors,66
602,"U6, U7",00118414F,IC CONV BUCK  ASSY 3A TO263 7,pnr,1
603,,00136407F,C VR LDO 1.5A/3.3V  L-NOI SOI*,pnr,2
604,U1,00085181F,IC CONV BUCK  ASSY 1.5A QFN 16,pnr,3
605,J1,00090862F,HEADER RECT 30 P ST SMT P .4MM,pnr,4
606,,00085257F,LED RED LOW CURRENT SM 1206,pnr,5
607,U1039,00081433F,IC LINE RS232 1.8V 2XTRS DFN 16,pnr,6
608,J3,00084289F,RECEPT RECT 40 C ST SMT 4ROWS,pnr,7
609,,00141648F,IC VR LDO 1.5A FAST L-NOIS SOIC,pnr,8
610,J2,00087993F,SOCKET FPC/FFC 10 S RA SMT TOPC,pnr,9
611,,00122126F,TRANS MOSFET N-CH 40V 1212-8,pnr,10
612,u42,00132767F,IC GATE LV 2-INP OR X1 SC70 5,pnr,11
613,ic dsp,00129609F,IC DSP ARM MULTIMEDIA POP 515 *,pnr,12
614,u1060,00112193F,IC DSP FIXED-POINT 240 BGA,pnr,13
615,,00112193F,IC DSP FIXED-POINT 240 BGA,pnr,14
616,u1052,00121729F,IC AMP AUDIO 2W CLASS D L-EMI *,pnr,15
617,,00121052F,SOCKET FPC/FFC 28 S RA SMT TOP*,pnr,16
618,,00120707F,SOCKET FPC/FFC 15 S RA SMT P .5,pnr,17
619,,20589867700,PWA BATTERY ADAPTER (LF),pnr,18
620,, 00084290F,HEADER RECT 40 C ST SMT 4ROWS,pnr,19
621,,20584632000,KEY PAD-pnr 1000s,pnr,20
622,,20584633000,PTT MODULE-pnr 1000s,pnr,21
623,U24,00112417F,IC MC MANAG UNIT OMAP 139 BGA,pnr,22
624,U47,00133145F,IC VR LDO 1.1A ADJ DFN 8,pnr,23
625,U1045,00091540F,IC TRANSC RS232/RS485 2/1 QFN *,pnr,24
626,,20583250700,FLEXIBLE FLAT CABLE 15P L=30MM,pnr,25
627,,00086868F,SOCKET FPC/FFC 6 S RA SMT P.5MM,pnr,26
628,,00089880F,HEADER RECT 60 P ST SMT 2ROW,pnr,27
629,NA,00153908N,TEST POINT .062PC/ .125 0.063 *,general,1
630,NA,20553297200,PWB FLEX CABLE TO PANEL,general,2
631,NA,00172651F,IC BUS I2C 8 I/O EXPAND QFN 16,general,3
632,NA,00090569F,HEADER POWER 10 P Str Pc MINI,general,4
633,NA,00141730F,RESISTOR 0E 0.5W 5% 20A 0603,general,5
634,(spi2lptr)U23,00165522F,IC ANA OV/UV CNTRL DFN 8,general,6
635,NA,00144868F,TRANS FET N-CH 60V SOT323,general,7
636,NA,00138018F,LED RED/GRN/blue 120deg smt,general,8
637,NA,00061755F,IC BUS I2C REPEATER TSSOP 8,general,9
638,NA,00144185F,HEADER RECT 5 P RA SMT 1MM SR,general,10
639,NA,00165652N,IC MUX /DEMUX WQFN 24,general,11
640,NA,00143393F,CONN SMT 2 C STR BATT,general,12
641,NA,00172827N,BOARD STACK 22 SMT 3.5 MM,general,13
642,NA,00130784F,SOCKET RECT 80 S ST SMT P .8MM,general,14
643,NA,00092124F,IC SCHMIT T LCX BUFFER X2 SC70,general,15
644,NA,00087653F,SWITCH KEYBOARD 4P,general,16
645,NA,00124692F,IC PROC DMSOC 720MHZ EXT 684 PB,general,17
646,NA,00060683N,SCHOTTKY DIODE HP 60V 3A SMC,general,18
647,NA,00119157F,TRANS MOSFET N-CH 20V SOT23_3,general,19
648,NA,00024970N,CHOKE CM SIGN 2.2K 0.2A SMT,general,20
649,NA,00146503F,IC FPGA ARTIX7 15KLE BGA 325,general,21
650,NA,00085656F,FERRITE BEAD 1K 0.2A 25% 0805,general,22
651,NA,00079817f,FERRITE BEAD 220E 3A 25% 2012,general,23
652,NA,00091499F,TRANSZORB ARRAY 70V LCAP SOT23,general,24
653,NA,00148789F,INDUCTOR PWR 10UH 3.6A 20% 5X5,general,25
654,NA,00137783F,TRANS MOSFET N-CH 30V 1212,general,26
655,NA,00115345f,INDUCTOR CHIP 2.2UH 0.32A 5% 06,general,27
656,NA,00090333F,IC VR LDO 0.5A ADJ=.4-3.6V DFN*,general,28
657,NA,00102566F,IC INTERFACE USB 2.0 3V3 QFN 64,general,29
658,NA,00083371F,SOCKET STRIP 20 S ST SMT P0.4M,general,30
659,NA,00100663f,IC EEPROM SER 64X8 5MS 2.5V SO,general,31
660,NA,00085041F,IC TRANSC RS232 2TX/2RX1UF SOIC,general,32
661,NA,00063779F,CRYSTAL OSC 1.0MHZ 3.3V LCC 4,general,33
662,NA,00088084F,INDUCTOR CHIP 10UH 225MA 10%,general,34
663,NA,00141891F,CAP POLY ALUM 270 UF 4 V 20% 7*,general,35
664,NA,00166754F,IC VR LDO 3V 0.15A 30V 2UA DFN,general,36
665,NA,00066874F,IC COMP X2 400MV REF SOT23 6,general,37
666,NA,00083247f,INDUCTOR CHIP 0.68UH 25A 20% 00,general,38
667,NA,00064768F,TRANS MOSFET N-CH 240V SOT-23,general,39
668,NA,00171122F,IC VR LDO ADJ 3A QFN 20,general,40
669,NA,00076888f,INDUCTOR CHIP 3.3UH 18A 20% SMT,general,41
670,NA,99604682M,SWITCHING DIODE SER 100V DUAL *,general,42
671,NA,00159941F,TRANS MOSFET N-CH 100V TO263,general,43
672,NA,00132263F,TRANS MOSFET N-CH 60V SO-8PPAK,general,44
673,NA,00143867F,IC FPGA 90K LUT 1GR BGA 484,general,45
674,NA,00170289F,IC VR LDO 3V3 0.15A 30V DFN 6,general,46
675,NA,00133751N,RECEPT RECT 104 C ST SMT SLIM,general,47
676,NA,00137783F,TRANS MOSFET N-CH 30V 1212,general,48
677,NA,00064719F,IC COMP VR 1.8V SC70 6,general,49
678,NA,00051737N,IC CONV DC/DC REG CHARGE PUMP M,general,50
679,NA,00062050F,IC ANA SWITCH SPDT/2:1 MUX SC70,general,51
680,NA,00142684F,FILTER SAW 1582. 4MHZ GPS GNSS,general,52
681,NA,00088383F,IC VR LDO 5V 150MA VIN<12V SOT2,general,53
682,NA,00091540F,IC TRANSC RS232/RS485 2/1 QFN,general,54
683,NA,00084856F,IC DIG GATE AND 2-IN SINGLE SC*,general,55
684,NA,00121729F,IC AMP AUDIO 2W CLASS D L-EMI *,general,56
685,NA,00121052F,SOCKET FPC/FFC 28 S RA SMT TOP*,general,57
686,NA,00161930f,IC MC ARM CORTEX M0 25 BGA,general,58
687,NA,00141502F,LED DUAL RED/GREEN 1.6X1.2,general,59
688,NA,00123592F,IC FPGA SPARTAN6 LX75 BGA 484,general,60
689,NA,00132857F,IC ANA GPS GNSS LGA 36,general,61
690,NA,00185308F,CRYSTAL OSC 32MHZ 25PPM LVDS 1*,general,62
691,NA,00077805F,INDUCTOR CHIP 2.2UH 14A 20% SMT,general,63
692,NA,00091516F,IC BUFFER ULP-A 3ST-OE SC70 5,general,64
693,NA,00160386F,TRANS MOSFET P-CH 20V SOT-23,general,65
694,NA,00049828F,SCHOTTKY DIODE 20V 1A DO214,general,66
695,NA,00120458N,IC CONV DC/DC INV OR SEPIC BGA*,general,67
696,NA,00179412F,IC BRIDGE USB2-4XSPI/I2C QFN 32,general,68
697,NA,00131726F,ZENER DIODE 5% 15V 500MW SOD123,general,69
698,NA,00111120N,SWITCH TOGL DPDT ON-NONE-ON,general,70
699,NA,00162523F,IC BUS I2C 8 I/O EXPAND QFN 16,general,71
700,NA,00012198N,SCHOTTKY DIODE SMT 30V SER SOT*,general,72
701,NA,00112397F,IC AMP OP J-FET 5-26V SC70 5,general,73
702,NA,00071464F,IC VR DFN 12,general,74
703,NA,00038591N,RES CHIP MF 93.1K 0.1W 1% 0603,general,75
704,NA,00048032N,RES CHIP MF 0E 0.125W 1% 1206,general,76
705,NA,34759320M,RES CHIP MF 10K 0.125W 0.1% 12,general,77
706,NA,00079822F,TRANS MOSFET N-CH 2.5V SC89,general,78
707,NA,00141019F,PWR MANAG BGA,general,79
708,NA,00084554F,SWITCHING DIODE 200V 100MA SOT,general,80
